id_erp,partner_name,salesperson_name,rfv_familia
45310,Londrihosp Importacao E Exportacao De Produtos Medico Hospitalares Ltda,Guilherme Aquino,HOSPITALAR
21498,Locmed Hospitalar Ltda Epp,Kauã Rodrigues,HOSPITALAR
19796,Equipos Comercial Ltda,Eduardo Marques,HOSPITALAR
26162,Hplace Produtos Medicos Eireli,Kauã Rodrigues,HOSPITALAR
50978,Suprimedico - Comercio De Artigos E Equipamentos Medicos E Hospitalares  Ltda,Guilherme Aquino,HOSPITALAR
45999,Cruzeiro Do Sul Educacional S.A.,Guilherme Aquino,HOSPITALAR
33426,Pe De Apoio Produtos Para Saude Ltda,Kauã Rodrigues,HOSPITALAR
16408,Dental Power Comercio De Produtos E Equipamentos Odontologicos E Hospitalares Ltda,Guilherme Aquino,HOSPITALAR
224,Douglas Cordeiro Me,Guilherme Aquino,HOSPITALAR
33402,Original Comercio De Produtos Veterinarios Ltda,Kauã Rodrigues,HOSPITALAR
160199,Ciruroma Comercial Ltda. - Me,Eduardo Marques,HOSPITALAR
24295,Amsalutem Comercio De Equipamentos Odontologicos Ltda,Eduardo Marques,HOSPITALAR
23352,Morimed Comercial Eireli - Epp,Eduardo Marques,HOSPITALAR
16366,Saudeshop-Shopping De Produtos Para Saude Eireli,Guilherme Aquino,HOSPITALAR
46558,De Lucia Importacao E Comercio Ltda,Kauã Rodrigues,HOSPITALAR
33717,Medicinalli Produtos Medico Hospitalares Ltda,Kauã Rodrigues,HOSPITALAR
24507,Instituto Rennovari Academic School Eireli,Guilherme Aquino,HOSPITALAR
23721,Lam Brasil Equipamentos Medicos Ltda,Guilherme Aquino,HOSPITALAR
51186,Aries Servicos Medicos E Hospitalares Ltda,Guilherme Aquino,HOSPITALAR
31815,Servico Social Da Construcao Civil Do Estado De Sao Paulo - Seconci-Sp,Richard Lucas,HOSPITALAR
33437,Brasil Instrumentos Cirurgicos Eireli,Guilherme Aquino,HOSPITALAR
46119,Irmandade Da Santa Casa De Misericordia De Camanducaia,Guilherme Aquino,HOSPITALAR
46643,Dsm Health Care Ltda,Guilherme Aquino,HOSPITALAR
19738,Tecnicos Em Imagem Comercial Ltda Epp,Eduardo Marques,HOSPITALAR
50725,Mc Medicall Produtos Medico Hospitalares Ltda,Kauã Rodrigues,HOSPITALAR
24260,C E Carvalho Comercial - Epp,Eduardo Marques,HOSPITALAR
46623,Jt Comercio De Produtos Medicos Ltda,Kauã Rodrigues,HOSPITALAR
20817,Qualymedic - Comercio E Assistencia Tecnica Ltda - Epp,Kauã Rodrigues,HOSPITALAR
16129,Lusmed Comercio Serv De Prod Med Hosp Ltda,Guilherme Aquino,HOSPITALAR
19633,MEC STEEL MECANICA INDUSTRIAL LTDA,Geovanna Gomes,SAC
50984,Lcm Comercio E Servicos Hospitalares Ltda,Guilherme Aquino,HOSPITALAR
46136,"Opcao Distribuidora De Materiais De Limpeza, De Construcao, Hospitalares, Equipamentos E Generos Alimenticios Ltda",Guilherme Aquino,HOSPITALAR
31835,Class.Becker Distribuidora De Produtos Laboratoriais E Hospitalares Ltda,Kauã Rodrigues,HOSPITALAR
913645,Quickbum E-Commerce - Eireli,Kauã Rodrigues,HOSPITALAR
31662,Novitaly Produtos Hospitalares E De Resgate Ltda,Guilherme Aquino,HOSPITALAR
50777,Biogram Comercio De Insumos Farmaceuticos Ltda,Kauã Rodrigues,HOSPITALAR
23761,Simone Cristina Paccola Basto,Kauã Rodrigues,HOSPITALAR
46527,Hospital Cora - Complexo Oncologico De Referencia Do Estado De Goias,Guilherme Aquino,HOSPITALAR
46012,Godoy Distribuidora Ltda,Guilherme Aquino,HOSPITALAR
51205,Transfix Assistencia Tecnica E Venda De Equipamentos Medicos Ltda,Kauã Rodrigues,HOSPITALAR
51045,Ldl Comercio De Fornituras Ltda,Kauã Rodrigues,HOSPITALAR
8138,Pesenti & Pelais Ltda Me,Eduardo Marques,HOSPITALAR
33726,Instituto D'Or De Gestao De Saude Publica,Kauã Rodrigues,HOSPITALAR
28770,Medical Shopping Material Medico Ltda,Guilherme Aquino,HOSPITALAR
50702,"Comercial Brasil, Comercio, Importacao E Exportacao De Produtos Medico-Hospitalares Ltda",Guilherme Aquino,HOSPITALAR
50575,SETRIG COMERCIO DE MATERIAIS P                                                                                                                                                                                                           ,Kauan Ramos,HOSPITALAR
51347,Gld Saude E Esportes Ltda,Guilherme Aquino,HOSPITALAR
15182,Nortemedica Com E Repres Ltda Epp,Guilherme Aquino,HOSPITALAR
4141,Medic Produtos Medicos E Hospitalares Eireli Epp,Kauã Rodrigues,HOSPITALAR
33768,Lfj Representacoes E Comercio De Artigos Medicos E Ortopedicos Ltda,Guilherme Aquino,HOSPITALAR
33910,Pedroso E Macedo Ltda,Kauan Ramos,HOSPITALAR
23918,Mobraz Comercio E Distribuição De Produtos Medicos E Suprimentos Ltda,Kauã Rodrigues,HOSPITALAR
17045,Sociedade Campineira De Educacao E Instrucao,Guilherme Aquino,HOSPITALAR
170008,Drogaria Guanabara Ltda,Guilherme Aquino,HOSPITALAR
23392,Valdnei  Fernandes Da Silva - Me,Kauã Rodrigues,HOSPITALAR
33540,Globali Participacoes Ltda,Kauã Rodrigues,HOSPITALAR
33806,Waldir De Assis Lemos De Oliveira Ltda,Guilherme Aquino,HOSPITALAR
99764,Briato Comercio Medico-Hospitalar E Servicos Ltda,Kauã Rodrigues,HOSPITALAR
33785,Fleury S.A.,Kauã Rodrigues,HOSPITALAR
15813,VENTOWAG TECNOLOGIA LTDA,Geovanna Gomes,SAC
914014,Fisio Lider Produtos Medicos E Hospitalares Ltda,Kauã Rodrigues,HOSPITALAR
821,Instrumental Tecnico Ltda.,Guilherme Aquino,HOSPITALAR
23364,Is Costa Central Telemedicina,Kauã Rodrigues,HOSPITALAR
18978,Turquesa Comercio De Joias Ltda - Epp,Guilherme Aquino,HOSPITALAR
18799,Marcio Nobrega Castro Epp,Kauã Rodrigues,HOSPITALAR
46174,Pacifico Operacoes Hospitalares S.A.,Guilherme Aquino,HOSPITALAR
46572,Servmedjp Comercio E Aluguel De Equipamentos E Materiais Medico Hospitalares Ltda,Kauã Rodrigues,HOSPITALAR
31898,Fundacao Santa Casa De Misericordia De Franca,Guilherme Aquino,HOSPITALAR
33574,Procardio Instituto De Cardiologia Da Paraiba Ltda,Kauan Ramos,HOSPITALAR
45344,Fontana Med Comercio De Produtos De Saude Ltda,Kauã Rodrigues,HOSPITALAR
160028,Papeis Termicos Rio Distribuidora De Equipamentos,Kauã Rodrigues,HOSPITALAR
22284,Instituto Alcides D' Andrade Lima,Guilherme Aquino,HOSPITALAR
24087,Medial Medicamentos Eireli - Me,Guilherme Aquino,HOSPITALAR
41331,"Instituto Praxis De Educacao, Cultura E Ação Social",Guilherme Aquino,HOSPITALAR
9528,Tauro Comercio Pulseiras Imp. Exp. Ltda,Richard Lucas,HOSPITALAR
51323,Inter Intermediacao Ltda,Kauan Ramos,HOSPITALAR
1739,Gaucha Comercio De Relogios & Fornituras   Ltda.,Richard Lucas,HOSPITALAR
51384,"G.D. Produtos Medicos, Hospitalares E Ortopedicos Ltda",Guilherme Aquino,HOSPITALAR
23128,Clin Rio Comércio E Distribuição Eireli,Richard Lucas,HOSPITALAR
18823,Ubiratan Busquet De Oliveira - Me,Kauan Ramos,HOSPITALAR
14001,Med Cruz Equipamentos Medicos Ltda.,Kauan Ramos,HOSPITALAR
46080,Casa De Saude Santa Rita S A,Kauan Ramos,HOSPITALAR
150358,Centro De Diagnostico E Terapeutics Endoscopia,Kauan Ramos,HOSPITALAR
51240,Dominio Imagem Pg Clinica Medica Ltda.,Richard Lucas,HOSPITALAR
46046,J C Servicos Medicos E Comercio De Produtos Farmaceuticos Ltda,Richard Lucas,HOSPITALAR
50943,34.951.077 Sergio Barbosa,Kauan Ramos,HOSPITALAR
46452,Idor Ciencia Pioneira,Richard Lucas,HOSPITALAR
3777,Cirurgica Norat Ltda Me.,Richard Lucas,HOSPITALAR
7205,Ribeiro Erre Com E Repres Ltda,Richard Lucas,HOSPITALAR
51185,Original Med Comercio De Produtos Veterinarios Ltda,Kauan Ramos,HOSPITALAR
9101,Comercial De Pulseiras Ceara Eireli,Kauan Ramos,HOSPITALAR
17099,Fundacao Padre Albino,Kauan Ramos,HOSPITALAR
33360,Associacao Educadora Sao Carlos - Aesc,Kauan Ramos,HOSPITALAR
19058,Vitoria Produtos Hospitalares Ltda,Richard Lucas,HOSPITALAR
51147,Logic Solucoes Hospitalares Ltda,Kauan Ramos,HOSPITALAR
1,Intensimed Comercio De Instrumentos E Mat. Hospitalares Ltda,Richard Lucas,HOSPITALAR
199,Premium Comercial Epp,Kauã Rodrigues,HOSPITALAR
51184,Irmandade Da Santa Casa De Misericordia E Mat Dracena,Richard Lucas,HOSPITALAR
19045,M L Phenix Comercio E Servicos Ltda,Kauan Ramos,HOSPITALAR
8919,Unimed De Piracicaba Soc Coop De Servicos Medicos,Kauã Rodrigues,HOSPITALAR
21104,Cirurgica Sao Felipe Produtos Para Saude Ltda - Me,Kauan Ramos,HOSPITALAR
45341,Associacao Hospitalar Santa Rosa,Guilherme Aquino,HOSPITALAR
46057,Fenice Comercio E Servicos Ltda,Kauan Ramos,HOSPITALAR
51271,Golden Tulip Ind. E Com. De Artigos Joalheiros Ltda,Richard Lucas,HOSPITALAR
46657,Ascomcer - Instituto De Prevencao E Tratamento Do Cancer,Kauan Ramos,HOSPITALAR
140125,Dimed Ltda,Richard Lucas,HOSPITALAR
20501,Pró Cirúrgica Chapecó Produtos Para Saúde Ltda,Richard Lucas,HOSPITALAR
914334,Municipio De Macatuba,Richard Lucas,HOSPITALAR
15987,VENTOWAG MANUT. MAQUINAS E EQUIP. LTDA ME,Geovanna Gomes,SAC
23702,Fundacao Jose Luiz Egydio Setubal,Kauan Ramos,HOSPITALAR
17172,E G Falcao & Cia Ltda,Kauan Ramos,HOSPITALAR
20669,Cirurgica Valadares Ltda - Me,Kauan Ramos,HOSPITALAR
160051,Carvamay Comercio De Medicamentos E Perfumaria Ltd,Guilherme Aquino,HOSPITALAR
33739,Mzz - Comercio De Produtos Para A Saude Eireli,Richard Lucas,HOSPITALAR
23615,Soromed Marilia Ltda Me,Kauan Ramos,HOSPITALAR
50976,Alp Comercio De Produtos Para Saude Ltda,Kauan Ramos,HOSPITALAR
46445,Pgs Engenharia Clinica E Saude Ltda,Kauan Ramos,HOSPITALAR
51336,Mc Flex Licitacoes Comercio E Servicos Ltda,Eduardo Marques,HOSPITALAR
20681,Ricalab Cientifica Ltda Epp,Richard Lucas,HOSPITALAR
51362,Santa Casa De Misericordia De Oliveira Dos Campinhos - Insv - Instituto De Saude Nossa Senhora Da Vitoria,Richard Lucas,HOSPITALAR
46390,Hospital San Marino Ltda,Richard Lucas,HOSPITALAR
46150,Potencial Metal Industria E Comercio Ltda,Eduardo Marques,HOSPITALAR
50758,Lion Medical Comercio E Representacao Ltda,Richard Lucas,HOSPITALAR
8680,Valemac Ltda.,Richard Lucas,HOSPITALAR
31562,Martins & Carceres Comercio De Pecas E Acessorios Para Relogios Ltda,Richard Lucas,HOSPITALAR
51209,Cirurgica Medicalli Comercial Ltda,Guilherme Aquino,HOSPITALAR
12202,Luiz Rodrigues Rezende Epp,Kauan Ramos,HOSPITALAR
23890,Medcoli Distribuidor De Produtos Medicos Cozinha E Limpeza Ltda,Kauan Ramos,HOSPITALAR
914571,Michael Keidi Azeka,Kauan Ramos,HOSPITALAR
50808,Minas Med Hospitalar Ltda,Richard Lucas,HOSPITALAR
10023,Tolmeber - Com. E Rep. De Ferragens Ltda,Richard Lucas,HOSPITALAR
46714,Silva Freitas Comercio E Servico De Produtos E Equipamentos Hospitalares Ltda,Kauan Ramos,HOSPITALAR
46593,Seven Medical Comercio E Servicos Ltda,Richard Lucas,HOSPITALAR
50250,Associacao Beneficente Santa Teresinha,Kauan Ramos,HOSPITALAR
51279,Recanto Do Idoso De Sao Vicente De Paulo,Richard Lucas,HOSPITALAR
50836,Cirurgica Norte Brasil Produtos Medicos Hospitalares Ltda,Kauan Ramos,HOSPITALAR
46592,Fund De Apoio A Tecnologia E Ciencia Rec Judic,Richard Lucas,HOSPITALAR
50303,"Instituto Acqua - Acao, Cidadania, Qualidade Urbana E Ambiental",Richard Lucas,HOSPITALAR
23177,São Camilo Produtos Médicos Ltda,Kauan Ramos,HOSPITALAR
46664,Fundacao De Ensino Superior Do Vale Do Sapucai,Kauan Ramos,HOSPITALAR
50868,Mf Medical Comercio E Manutencao De Materiais Cirurgicos Ltda,Kauã Rodrigues,HOSPITALAR
150093,HOSPITAL IMACULADA CONCEICAO,Richard Lucas,HOSPITALAR
51312,Autmed Equipamentos Medicos Ltda,Kauan Ramos,HOSPITALAR
31953,A G Severo Med Doctor Acessorios,Richard Lucas,HOSPITALAR
10388,Om  Hospitalares E Ortopedicos Ltda,Richard Lucas,HOSPITALAR
51425,Hospital Cesar Leite,Kauan Ramos,HOSPITALAR
50755,Municipio De Indaiatuba,Richard Lucas,HOSPITALAR
660,Coprocil Comercio De Materiais Medicos,Kauan Ramos,HOSPITALAR
33627,Cirurtech Comercio E Manutencao De Materiais Cirurgicos Ltda,Kauan Ramos,HOSPITALAR
46629,Altamed Distribuidora De Medicamentos Ltda,Kauan Ramos,HOSPITALAR
16634,Associacao Congregacao Desanta Catarina,Kauan Ramos,HOSPITALAR
46459,Associacao De Caridade Santa Casa De Rio Grande,Richard Lucas,HOSPITALAR
50921,Bis Comercio & Servicos Ltda,Richard Lucas,HOSPITALAR
140104,Feso Fundacao Educacional Serra Dos Orgaos,Kauan Ramos,HOSPITALAR
46372,Fundo Municipal De Saude De Agua Clara-Ms,Kauan Ramos,HOSPITALAR
51173,Gp Med Comercio De Artigos Hospitalares Ltda,Richard Lucas,HOSPITALAR
46024,Hospital Beneficente Sao Carlos,Richard Lucas,HOSPITALAR
50567,Hospital Santa Isabel S.A,Kauan Ramos,HOSPITALAR
26724,Impar Servicos Hospitalares S/A,Kauan Ramos,HOSPITALAR
22762,Instituto Fernando Filgueiras - Iff,Kauã Rodrigues,HOSPITALAR
50640,Instituto Viver - Roberto Bastos De Alencar,Kauan Ramos,HOSPITALAR
51190,Lunamar Comercio E Servicos Ltda,Richard Lucas,HOSPITALAR
46565,Onco Star Sp Oncologia Ltda,Richard Lucas,HOSPITALAR
50378,Instituto De Responsabilidade Social Sirio Libanes,Kauan Ramos,HOSPITALAR
31619,Irmandade Da Santa Casa De Misericordia De Sao Bernardo Do Campo,Richard Lucas,HOSPITALAR
46138,Ms Moveis E Eletro Ltda,Kauan Ramos,HOSPITALAR
115,REI DOS ESTOJOS LTDA.,Richard Lucas,HOSPITALAR
33779,T. G. De Barros Equipamentos Hospitalares,Richard Lucas,HOSPITALAR
51270,24.648.405 Daniela Cristina Rosa Dos Santos,Kauan Ramos,HOSPITALAR
33658,Prime System Ltda,Richard Lucas,HOSPITALAR
46640,Novamed Sp Ltda,Kauan Ramos,HOSPITALAR
50341,Santa Casa De Misericordia De Barretos,Richard Lucas,HOSPITALAR
2783,L M Equipamentos Hospitalares Ltda.,Kauan Ramos,HOSPITALAR
300204,Endomed Comercio E Representações De Medicamentos,Richard Lucas,HOSPITALAR
10030,Dimed Comercio E Serviços Ltda Me,Richard Lucas,HOSPITALAR
46615,Centro De Lipedema E Cirurgia Vascular Ltda,Kauan Ramos,HOSPITALAR
50278,Sou Mais Saude Comercio De Equipamentos Medicos Eireli,Richard Lucas,HOSPITALAR
46653,57.624.836 Gabriela Correa Da Silva,Kauan Ramos,HOSPITALAR
20054,Almed Produtos Para Saúde Ltda,Richard Lucas,HOSPITALAR
8390,Cirurgica Pirassununga Ltda.,Kauan Ramos,HOSPITALAR
50803,Teixeira Atacado E Comercio Ltda,Eduardo Marques,HOSPITALAR
23070,Klm Ltda,Richard Lucas,HOSPITALAR
50908,Sky Med Comercio E Servicos Ltda.,Kauan Ramos,HOSPITALAR
46656,E Aguiar Comercio De Materiais Eletricos E Produtos De Limpeza,Richard Lucas,HOSPITALAR
43489,Endocopa,Richard Lucas,HOSPITALAR
22939,Rde Comercio Ltda - Epp,Richard Lucas,HOSPITALAR
46051,Aredes Equipamentos Hospitalares Ltda,Richard Lucas,HOSPITALAR
20023,Biomed Distrib.Hospitalar E Laboratorial Nossa Senhora Da Conceicao Ltda.,Richard Lucas,HOSPITALAR
45332,Instituto Matogrossense De Medicina Interna E Infectologia Ltda,Kauan Ramos,HOSPITALAR
46028,Multimedic Comercial Ltda,Kauan Ramos,HOSPITALAR
50707,Nelmed Comercio De Materiais Cirurgicos E Hospitalares Sociedade Ltda,Richard Lucas,HOSPITALAR
8261,Ortopedia Novo Hamburgo Ltda.,Kauan Ramos,HOSPITALAR
33628,Pro-Vida Cirurgica Ltda,Kauan Ramos,HOSPITALAR
25397,Sul Services Comércio E Assistência Técnica À Saúde Ltda.,Richard Lucas,HOSPITALAR
2654,Linha Medica Equipamentos Para Medicina Ltda.,Kauan Ramos,HOSPITALAR
31657,J. Ferrarezi,Kauan Ramos,HOSPITALAR
51164,Oeste Med Comercio E Importacao De Produtos Hospitalares Ltda,Richard Lucas,HOSPITALAR
33639,FENIX MANUTENCAO EM VENTOSAS LTDA,Geovanna Gomes,SAC
22903,Hospital Anchieta Sa,Richard Lucas,HOSPITALAR
46562,Equipe De Servicos Medicos Em Otorrinolaringologia Do Litoral Norte Ltda,Kauan Ramos,HOSPITALAR
46326,Centro De Endoscopia Digestiva De Sao Carlos Ltda,Richard Lucas,HOSPITALAR
25314,Excimer Laser Vale Do Paraiba Ltda,Kauan Ramos,HOSPITALAR
51257,Gastroclass - Gastroenterologia E Endoscopia Digestiva Ltda,Kauan Ramos,HOSPITALAR
9223,Medlab Produtos Para Laboratorio Ltda.,Richard Lucas,HOSPITALAR
45997,Santa Casa De Abre Campo/Hospital Nossa Senhora Da Conc,Richard Lucas,HOSPITALAR
46658,Unimed Joao Pessoa Cooperativa De Trabalho Medico,Kauan Ramos,HOSPITALAR
51342,Yago Vieira Delfante De Sousa Ltda,Kauan Ramos,HOSPITALAR
22581,Janaina Cardoso De Morais Comarella 30120783800,Kauan Ramos,HOSPITALAR
51139,Amb Distribuidora De Medicamento E Materiais Hospitalares Ltda,Richard Lucas,HOSPITALAR
46611,Cot Clinica De Ortopedia E Traumatologia Ltda,Richard Lucas,HOSPITALAR
14726,Labnorte Cirurgica E Diagnostica Imp. E Exp. Ltda,Kauan Ramos,HOSPITALAR
40469,Nazira Husni Chamas Alves Ltda,Kauan Ramos,HOSPITALAR
21752,Hospital Nossa Senhora Aparecida De Valparaiso De Goias Ltda.,Kauan Ramos,HOSPITALAR
50899,Paramed Distribuidora De Medicamentos Ltda,Eduardo Marques,HOSPITALAR
21339,Fujix Dist Prod Fotograficos Imp Exp Ltda-Epp,Kauan Ramos,HOSPITALAR
20372,Fujix Distribuidor De Produtos Fotograficos Imp E Exp Ltda - Epp,Richard Lucas,HOSPITALAR
51223,Mafer Solution Brasil Ltda,Kauan Ramos,HOSPITALAR
46573,Med Medicina Servicos Diagnostico Ltda,Richard Lucas,HOSPITALAR
51360,Dentalmed Insumos Medicos-Hospitalares E Odontologicos Ltda,Kauan Ramos,HOSPITALAR
22497,Hospimedical Mat Med Hosp E Lab Ltda,Richard Lucas,HOSPITALAR
15433,Cardinale Eletronica Com. Repres. Imp. Exp. Ltda.,Kauan Ramos,HOSPITALAR
50391,Fundacao Gestao Hospitalar Martiniano Fernandes - Fgh,Richard Lucas,HOSPITALAR
31658,Asclepios Equipamentos Hospitalares Eireli,Eduardo Marques,HOSPITALAR
46574,Converge Solucoes Em Saude Ltda,Kauan Ramos,HOSPITALAR
45330,Graciely Schultz Bissoli Palacio 11328335747,Kauan Ramos,HOSPITALAR
24094,Jd Comercio De Materiais De Laboratorio E Servicos Ltda Me,Richard Lucas,HOSPITALAR
16185,Microllagos Microscopia Cientifica Ltda.,Eduardo Marques,HOSPITALAR
31640,Qualis Solucoes Para Saude Eireli,Richard Lucas,HOSPITALAR
18683,Adelar Comercial Odontomedica Ltda,Kauan Ramos,HOSPITALAR
25218,Cirurgica Bivimed Comercio De Materiais Medicos E Hospitalares Eireli,Richard Lucas,HOSPITALAR
50759,Incomed Produtos E Equipamentos Ltda,Kauan Ramos,HOSPITALAR
33404,Specifiq Produtos Medicos E Hospitalares Ltda,Richard Lucas,HOSPITALAR
46722,Atlantis Medica Ltda,Richard Lucas,HOSPITALAR
50794,Cisa - Centro De Diagnostico Por Imagem Ltda,Kauan Ramos,HOSPITALAR
33661,Tremed Materiais E Equipamentos Hospitalares Eireli,Eduardo Marques,HOSPITALAR
24749,Almeida E Ramos Ltda,Richard Lucas,HOSPITALAR
51210,3 Med Comercio De Medicamentos Ltda,Kauan Ramos,HOSPITALAR
51152,Associacao Beneficente Das Senhoras De Entre Rios,Kauan Ramos,HOSPITALAR
46458,D M Hospitalar Ltda,Richard Lucas,HOSPITALAR
45364,Hospital Regional Do Sul De Minas,Kauan Ramos,HOSPITALAR
50713,Special Med Comercial Hospitalar Ltda,Richard Lucas,HOSPITALAR
51244,Irmandade Da Santa Casa De Misericordia De Passos,Richard Lucas,HOSPITALAR
50962,Ho Hospitalar Ltda,Eduardo Marques,HOSPITALAR
26022,Ortomedika Comercio E Servico De Artigos Medicos E Ortopedicos Ltda,Richard Lucas,HOSPITALAR
46145,Lucas De Lemos Martins - Distribuidora De Equipamentos Industriais E Movimentacao De Cargas,Kauan Ramos,HOSPITALAR
45359,Olimed Material Hospitalar S.A.,Kauan Ramos,HOSPITALAR
50742,Medlab - Produtos Para Saude Ltda,Richard Lucas,HOSPITALAR
31551,Clinica E Hospital Dia Ponta Da Praia Ltda,Richard Lucas,HOSPITALAR
8565,Pontual Comercial Ltda.,Richard Lucas,HOSPITALAR
11,Casa Dos Joalheiros Ltda Me.,Richard Lucas,HOSPITALAR
203,Cr3 Industria E Comercio Ltda Me,Eduardo Marques,HOSPITALAR
50299,Clinica Traumatologica Moinhos De Vento Ltda.,Richard Lucas,HOSPITALAR
46027,Marcelo Carvalho Mendes 13019011809,Kauan Ramos,HOSPITALAR
51357,"Davimed Comercio De Produtos Medicos, Ortopedicos E Hospitalares Ltda",Kauan Ramos,HOSPITALAR
46619,Instituto De Gestao Administracao E Treinamento Em Saude Igats,Kauan Ramos,HOSPITALAR
22674,Instituto Nacional De Desenvolvimento Social E Humano,Richard Lucas,HOSPITALAR
51297,Mlx Acessorios Medicos Ltda,Richard Lucas,HOSPITALAR
33429,Fundo Municipal De Saude,Kauan Ramos,HOSPITALAR
12764,Mz Produtos Medicos Ltda.,Richard Lucas,HOSPITALAR
51155,51.652.943 Dinahbelly Rodrigues De Oliveira Pontes,Kauan Ramos,HOSPITALAR
21810,All Med Comercio De Produtos Para Saude Eireli Me,Kauan Ramos,HOSPITALAR
140043,Associacao De Ensino De Ribeirao Preto,Richard Lucas,HOSPITALAR
25156,Biomedtronic Comercio De Equipamentos Medico-Hospitalares Ltda,Richard Lucas,HOSPITALAR
51083,Casa De Saude Santa Helena Ltda,Kauan Ramos,HOSPITALAR
3817,Cirurgica Goncalves Ltda,Kauã Rodrigues,HOSPITALAR
46553,Ethos Produtos Para Saude Ltda,Richard Lucas,HOSPITALAR
23610,Excellence Medical Comercio E Serviços Ltda,Richard Lucas,HOSPITALAR
21921,Suadental Produtos Odontológicos Ltda,Kauan Ramos,HOSPITALAR
46381,Unimed De Ourinhos Cooperativa De Trabalho Medico,Kauan Ramos,HOSPITALAR
31594,Moura & Martins Distribuidora De Material Hospitalar E Produtos Para Saude Ltda.,Richard Lucas,HOSPITALAR
51217,Clinica Sao Goncalo Ltda,Richard Lucas,HOSPITALAR
33650,P.S.V. Da Silva Instrumentos Medicos Ltda,Eduardo Marques,HOSPITALAR
46679,CARLOS ALBERTO ALVES DA COSTA,Geovanna Gomes,SAC
50822,Hospital De Cataguases,Richard Lucas,HOSPITALAR
24995,Marassi Vaz Comercio De Materiais Medicos E Odontologicos Eireli,Kauan Ramos,HOSPITALAR
46092,Ronaldo Jose De Rezende,Richard Lucas,HOSPITALAR
33375,V & A Descartaveis Ltda,Richard Lucas,HOSPITALAR
51316,52.279.901 Veronica Lilian Benedetti Fagundez,Richard Lucas,HOSPITALAR
45273,52.319.958 Luzimar Gomes Pereira,Richard Lucas,HOSPITALAR
51437,57.421.392 Jonathan Pereira De Campos,Kauan Ramos,HOSPITALAR
16631,Aleandro Goncalves Passarinho,Kauan Ramos,HOSPITALAR
45211,Associacao Beneficente Ouro Branco,Guilherme Aquino,HOSPITALAR
51171,Associacao Do Hospital Jaragua - Centro De Imagem 2,Richard Lucas,HOSPITALAR
51315,Associacao Nossa Senhora Da Saude,Kauan Ramos,HOSPITALAR
16083,Cequimica Ltda.,Richard Lucas,HOSPITALAR
46034,Complexo Hospitalar Uberlandia S.A,Richard Lucas,HOSPITALAR
44366,Congregacao Das Filhas De Nossa Senhora Stella Maris,Kauan Ramos,HOSPITALAR
51150,Dental Mix Comercio De Produtos Odontologicos Ltda,Kauan Ramos,HOSPITALAR
22888,Droga Rocha Distribuidora De Medicamentos Ltda - Epp,Kauan Ramos,HOSPITALAR
750,F Cardoso & Cia. Ltda.,Richard Lucas,HOSPITALAR
46399,Fundacao Hospitalar De Saude,Richard Lucas,HOSPITALAR
46095,Fundacao Instituto Tecnologico De Joinville,Richard Lucas,HOSPITALAR
46151,Hospital Fluminense S/A,Kauan Ramos,HOSPITALAR
51095,Hospital Mahatma Gandhi,Richard Lucas,HOSPITALAR
46137,Hospital Nursing Care Ltda,Kauan Ramos,HOSPITALAR
50572,Hospital Sao Carlos S.A.,Richard Lucas,HOSPITALAR
23854,Hospital Unimed Leste Paulista Cooperativa De Trabalho Médico,Kauan Ramos,HOSPITALAR
22511,Hospitalis Nucleo Hospitalar De Barueri,Kauan Ramos,HOSPITALAR
51310,Instituto Alpha De Medicina Para Saude,Richard Lucas,HOSPITALAR
50418,Instituto De Assistencia Social E Saude Sao Jose,Kauan Ramos,HOSPITALAR
50845,Instituto De Gestao Integrada - Igi,Richard Lucas,HOSPITALAR
51253,Instituto Ferrer De Ortopedia Ltda,Richard Lucas,HOSPITALAR
51294,Irmandade Da Santa Casa De Presidente Venceslau,Kauan Ramos,HOSPITALAR
914365,Municipio De Lagamar,Kauan Ramos,HOSPITALAR
9009,Nucleo Cruz Equipamentos Medicos Ltda.,Richard Lucas,HOSPITALAR
51258,Oliveira E Martins Vendas E Servicos Comerciais Ltda,Richard Lucas,HOSPITALAR
19204,Prevent Senior Private Operadora De Saude Ltda,Guilherme Aquino,HOSPITALAR
51285,Pro-Trauma Pronto Atendimento Ortopedico E Traumatologico Ltda,Kauan Ramos,HOSPITALAR
46091,"Rentmed Comercio,Aluguel E Manutencao De Equipamentos Hospitalares Ltda",Kauan Ramos,HOSPITALAR
51113,Santa Casa De Misericordia De Catalao,Richard Lucas,HOSPITALAR
23776,Santa Casa De Misericordia De Mogi Das Cruzes,Kauan Ramos,HOSPITALAR
31741,Sociedade Benef Israelitabras Hospital Albert Einstein,Kauã Rodrigues,HOSPITALAR
18452,Sociedade Beneficente Sao Camilo,Kauan Ramos,HOSPITALAR
46652,Ss Distribuidora De Produtos Hospitalares Ltda,Richard Lucas,HOSPITALAR
913291,Vita Clinicas Medicina Especializada S.A,Kauan Ramos,HOSPITALAR
51226,Whl Clinica Mais Centro Medico Balsas Ltda,Richard Lucas,HOSPITALAR
17275,Cene Rio Preto Ltda - Me,Kauan Ramos,HOSPITALAR
210002,Cruz Azul De Sao Paulo,Richard Lucas,HOSPITALAR
23983,"Instituto Maria Schmitt De Desenvolvimento De Ensino, Assistencia Social E Saude Do Cidadao",Richard Lucas,HOSPITALAR
50409,Natalia Cristina Fabiano,Kauan Ramos,HOSPITALAR
4630,NEFROCLINICAS HIGIENOPOLIS - SERVICO DE NEFROLOGIA E DIALISE LTDA,Kauã Rodrigues,HOSPITALAR
4775,NEFROCLINICAS SAO PAULO - SERVICO DE NEFROLOGIA E DIALISE LTDA,Kauã Rodrigues,HOSPITALAR
51449,Loja Saude Comercio De Materiais Hospitalares Ltda,Richard Lucas,HOSPITALAR
51215,Med Donto Comercio De Produtos Hospitalares Ltda,Richard Lucas,HOSPITALAR
20552,Leonardo Gabriel Epp,Richard Lucas,HOSPITALAR
51303,Victor Martins De Sousa,Richard Lucas,HOSPITALAR
46687,Cinagawa & Cia. S/S Ltda.,Richard Lucas,HOSPITALAR
46717,Ntech Engenharia Ltda,Richard Lucas,HOSPITALAR
44434,Ferpol Com De Equipamentos Medicos E Hospitalares Ltda,Richard Lucas,HOSPITALAR
45363,Municipio De Sao Roque,Richard Lucas,HOSPITALAR
51100,Ouvimax Comercio De Equipamentos Medicos Ltda,Richard Lucas,HOSPITALAR
24832,Clinica Cirurgica Dr Alceu Ltda,Richard Lucas,HOSPITALAR
16191,Jfc Com De Mat E Equip Odont Ltda Epp.,Guilherme Aquino,HOSPITALAR
46888,Lithocenter Sa Centro De Trat De Calculos Ren Biliares,Richard Lucas,HOSPITALAR
51023,Fort Medical Comercio De Produtos Para Saude Ltda,Richard Lucas,HOSPITALAR
9353,J C GIRALDES P PRUDENCE - ME,Geovanna Gomes,SAC
31936,Cirurgica Amorim Comercio De Artigos Medicos Ltda,Richard Lucas,HOSPITALAR
46378,Fundacao De Apoio Ao Desenvolvimento Do Ensino Superior Do Norte De Minas - Fadenor,Richard Lucas,HOSPITALAR
1231,Admed Manutencao Em Equipamentos Med.E Odontolog,Richard Lucas,HOSPITALAR
31930,Fundacao Hospitalar De Blumenau,Richard Lucas,HOSPITALAR
46112,Fama Distribuidora Hospitalar Ltda,Richard Lucas,HOSPITALAR
23279,Indumebra Servicos Medicos Brasil Ltda.,Richard Lucas,HOSPITALAR
50766,Java Med Materiais Hospitalares Ltda,Richard Lucas,HOSPITALAR
33380,Negi Equpamentos Hospitalares Ltda - Me,Kauã Rodrigues,HOSPITALAR
46602,Ortopedia Carneiro Ltda,Richard Lucas,HOSPITALAR
51439,Poupluz Materiais Eletricos Especiais E Hospitalares Ltda,Guilherme Aquino,HOSPITALAR
46666,Orto Center Ltda,Richard Lucas,HOSPITALAR
46725,Associacao Torre De Vigia De Biblias E Tratados,Richard Lucas,HOSPITALAR
46533,Hospital Paranaense De Otorrinolaringologia Ltda,Richard Lucas,HOSPITALAR
22505,Sociedade Portuguesa De Beneficencia,Richard Lucas,HOSPITALAR
170101,Conceitos Comercio De Artigos De Uso Comercial Ltd,Richard Lucas,HOSPITALAR
50885,J P H Reis Filho,Richard Lucas,HOSPITALAR
3855,Equipar Medico E Hospitalar Ltda.,Richard Lucas,HOSPITALAR
51195,Clinica Medica Saude E Vida Ltda,Richard Lucas,HOSPITALAR
46374,Instituto De Neurologia De Goiania Ltda,Richard Lucas,HOSPITALAR
51161,Alphorria Comercio E Representacao Ltda,Richard Lucas,HOSPITALAR
33386,Brazimed Equipamentos Medicos Hospitalares Ltda,Richard Lucas,HOSPITALAR
46620,Cirurgica Analia Franco Ltda,Richard Lucas,HOSPITALAR
51329,Cirurgica Santa Joana Darc Comercial Ltda,Richard Lucas,HOSPITALAR
46106,Clinica Medica Arte Em Pele Ltda,Richard Lucas,HOSPITALAR
18821,Clinica Vida Atendimentos Médicos Ltda,Richard Lucas,HOSPITALAR
51261,Clinigastro Unidade De Gastroenterologia E Endoscopia S/S,Richard Lucas,HOSPITALAR
46503,Defendi Comercio De Equipamentos E Produtos Medicos Ltda,Richard Lucas,HOSPITALAR
31690,Dinatech Comercio Representacao E Servicos Ltda,Richard Lucas,HOSPITALAR
46555,Distribuidora Quatro L Ltda,Kauan Ramos,HOSPITALAR
46624,Endogerais Equipamentos Medicos Ltda,Richard Lucas,HOSPITALAR
150246,Gama-Med 13 Comercio E Servicos Ltda,Kauan Ramos,HOSPITALAR
46379,Gilcenio Matias Lima,Richard Lucas,HOSPITALAR
46047,Graeus Comercio E Representacoes Ltda,Richard Lucas,HOSPITALAR
33499,Gs Comercio E Instalacoes Especiais Eireli,Richard Lucas,HOSPITALAR
50401,Hospital Praia Da Costa S/A,Kauan Ramos,HOSPITALAR
51283,Igreja Presbiteriana Em Alphaville,Richard Lucas,HOSPITALAR
23505,Inova Comercial Hospitalar Ltda- Epp,Richard Lucas,HOSPITALAR
46114,Joao Luiz Cezar Correa Junior,Richard Lucas,HOSPITALAR
51268,Medtecnica Hospitalar E Laboratorial Ltda,Richard Lucas,HOSPITALAR
51308,Rd Pharma Ltda,Richard Lucas,HOSPITALAR
46461,Rl Comercio E Servicos Em Equipamentos Medicos E Hospitalares Ltda,Kauan Ramos,HOSPITALAR
19828,Tk Produtos E Equip. Médicos Ltda-Me,Richard Lucas,HOSPITALAR
24088,"Triomed Comercio, Representacoes E Assistencia Tecnica De Produtos Medicos E Hospitalares Eireli",Guilherme Aquino,HOSPITALAR
33370,Unimed De Sao Carlos - Cooperativa De Trabalho Medico,Richard Lucas,HOSPITALAR
33805,Osvaldo Carneo Filho,Richard Lucas,HOSPITALAR
46098,Santa Fe Hospital Dia Ltda,Kauan Ramos,HOSPITALAR
24870,ALINE DO AMARAL SANTOS,Geovanna Gomes,SAC
46654,MARMORARIA TRES LAGOAS LTDA,Geovanna Gomes,SAC
51259,R C V MANUTENCAO DE EQUIPAMENTOS MEDICOS HOSPITALARES LTDA,Geovanna Gomes,SAC
51220,RODRIGUES COMERCIO E INDUSTRIA DE MARMORE E MATERIAIS DE CONSTRUCAO LTDA,Geovanna Gomes,SAC
10010,Cirurgica Vitoria Comercio De Medicamentos Ltda,Kauan Ramos,HOSPITALAR
51418,INSTITUTO DE ASSISTENCIA MEDICA AO SERVIDOR PUBLICO ESTADUAL,Geovanna Gomes,SAC
50956,GM FARIA MACIEL CORDEIRO DOS SANTOS,Geovanna Gomes,SAC
22236,SISNOR SISTEMA INTEGRADO DE SAUDE NORTE DO PARANA,Geovanna Gomes,SAC
10123,Cirurgica Jacarei Ltda,Richard Lucas,HOSPITALAR
2731,Cirurgica Ribermedica Ltda.,Richard Lucas,HOSPITALAR
50764,Comercio De Material Hospitalar E Cirurgico Grajau Ltda,Kauan Ramos,HOSPITALAR
341,Dental Pegasus Ltda.,Kauan Ramos,HOSPITALAR
24297,Esley Frinhani Soares Da Silva,Richard Lucas,HOSPITALAR
19294,Eviva Suprimentos Ltda,Richard Lucas,HOSPITALAR
20715,Med Mais Vida Produtos Para Saude Ltda,Kauan Ramos,HOSPITALAR
46076,Mosaico Comercio & Equipamentos Ltda,Kauan Ramos,HOSPITALAR
33757,Oeste Saude Comercio De Produtos Hospitalares Ltda,Kauan Ramos,HOSPITALAR
33861,Procimed Comercio Atacadista De Produtos Hospitalares E Odontologicos Ltda,Richard Lucas,HOSPITALAR
2898,Cirurgica Joao Produtos Medico Hospitalares Ltda,Kauan Ramos,HOSPITALAR
19035,LUIS ANTONIO DE LIMA SANTOS ASTEC MED ME,Geovanna Gomes,SAC
21268,Althis Comercio De Medicamentos E Materiais Medico Hospitalares Ltda Me,Kauan Ramos,HOSPITALAR
50897,N.L Apoio Hospitalar Ltda,Richard Lucas,HOSPITALAR
97,LOJA DOS OURIVES COM.DE FERRAMENTAS LTDA.,Richard Lucas,HOSPITALAR
24688,Maktublab Comercio De Materiais Para Laboratorio Eireli,Kauan Ramos,HOSPITALAR
26173,Hospitais Integrados Da Gavea S/A,Kauã Rodrigues,HOSPITALAR
46093,Goss Equipamentos E Materias Diversos,Richard Lucas,HOSPITALAR
51337,AGIMED COMERCIO DE EQUIPAMENTOS LTDA,Geovanna Gomes,SAC
33456,Comercio De Material Hospitalar E Cirurgico Taboao Ltda,Kauan Ramos,HOSPITALAR
50923,Cordeiro Carapia Comercio De Produtos Hospitalares Ltda,Kauan Ramos,HOSPITALAR
31516,Dental Maria Ltda,Richard Lucas,HOSPITALAR
16667,Hand Life Suprimentos Medicos E Fisioterapicos Ltd,Eduardo Marques,HOSPITALAR
797,Hosptec Cons Tec E Ap Hosp Ltda.,Richard Lucas,HOSPITALAR
33875,Joao Flavio Alves 15613077851,Richard Lucas,HOSPITALAR
51373,Qualinorte Comercio De Produtos Hospitalares Ltda,Kauan Ramos,HOSPITALAR
22357,ATM MEDICAL EQUIPAMENTOS MÉDICOS LTDA ME,Geovanna Gomes,SAC
51157,Suellen Fernanda Franquelin,Kauan Ramos,HOSPITALAR
29787,Centro Médico Especializado Em Diagnóstico Ltda,Richard Lucas,HOSPITALAR
23797,CHIRLEY ALVES MARQUES PEREIRA,Geovanna Gomes,SAC
51032,Associacao Evangelica Beneficente Espirito-Santense - Aebes,Geovanna Gomes,SAC
51076,Labwork Servicos E Comercio De Equipamentos Para Laboratorios Ltda,Richard Lucas,HOSPITALAR
46736,INSTITUTO DE SAUDE E GESTAO HOSPITALAR,Geovanna Gomes,SAC
46529,Roster Equipamentos Para Laboratorio Ltda,Richard Lucas,HOSPITALAR
33936,PRO SAUDE - ASSOCIAÇÃO BENEFICENTE DE ASSISTÊNCIA SOCIAL E HOSPITALAR,Geovanna Gomes,SAC
51354,VIDA LOCACOES E SERVICOS LTDA,Geovanna Gomes,SAC
19096,Gbr - Servicos De Manutencao Hospitalar E Odontologica Eireli,Kauan Ramos,HOSPITALAR
51368,Merconorte Industria E Comercio Ltda,Richard Lucas,HOSPITALAR
22887,REDE D'OR SAO LUIZ S.A.,Kauã Rodrigues,HOSPITALAR
21999,Instituto Otovida Clinica De Audicao Voz E Linguagem,Kauan Ramos,HOSPITALAR
45711,AUTOCLAVE BRASIL HOSPITALAR LTDA,Geovanna Gomes,SAC
33341,CASA DE CARIDADE DOM ORIONE,Geovanna Gomes,SAC
31848,IRMANDADE DE MISERICORDIA DO JAHU,Geovanna Gomes,SAC
51402,NOTRE DAME INTERMEDICA SAUDE S.A.,Geovanna Gomes,SAC
28038,NOTRE DAME INTERMEDICA SAUDE S.A.,Geovanna Gomes,SAC
22399,ULTRAMEVIX COM PROD MED LTDA EPP,Geovanna Gomes,SAC
23073,Dentemed Equipamentos Odontologicos Ltda,Richard Lucas,HOSPITALAR
51133,Eprint Solucoes Em Impressoras Ltda,Kauan Ramos,HOSPITALAR
51409,Gold Med Distribuidora E Comercio De Produtos Hospitalares Ltda,Richard Lucas,HOSPITALAR
32045,Hospital De Caridade De Crissiumal,Kauan Ramos,HOSPITALAR
46039,Jardim Medica Ltda,Richard Lucas,HOSPITALAR
46512,Oftalmoclinica Icarai Ltda,Kauan Ramos,HOSPITALAR
2261,Ortofenix Produtos Ortopedicos E Hospitalaresltda.,Kauan Ramos,HOSPITALAR
8428,Anisio Roque Pereira Me,Guilherme Aquino,HOSPITALAR
33358,Cirurgica Batel Equipamentos Hospitalares Ltda,Kauan Ramos,HOSPITALAR
31668,Dumas E Noe Comercio E Assistencia Tecnica E Equipamentos Hospitalares Ltda,Richard Lucas,HOSPITALAR
51213,ASSOCIACAO SOCIAL E RECREATIVA CEGERO,Geovanna Gomes,SAC
25248,Hospital Esperanca Sa,Kauã Rodrigues,HOSPITALAR
50740,MARCIA APARECIDA DE SOUZA RANGEL DIAS,Geovanna Gomes,SAC
46466,ALKMIM TEIXEIRA & TEIXEIRA LTDA,Geovanna Gomes,SAC
16992,CENTRO ONCOLOGICO MOGI DAS CRUZES LTDA,Geovanna Gomes,SAC
51151,VINICIUS DOS SANTOS 02558811002,Geovanna Gomes,SAC
46651,Associacao Hospitalar Beneficente Do Brasil,Kauan Ramos,HOSPITALAR
22551,Tensiotech Comercio De Material Hospitalar Ltda - Me,Richard Lucas,HOSPITALAR
51182,REITECH MANUTENCAO E COMERCIO DE EQUIPAMENTOS ELETRONICOS LTDA,Geovanna Gomes,SAC
50953,Valle Equipamentos E Materiais Medico Hospitalar Ltda,Richard Lucas,HOSPITALAR
25983,Medinship Comercio Ltda.,Kauan Ramos,HOSPITALAR
31970,Unimed Porto Alegre - Cooperativa Medica Ltda,Richard Lucas,HOSPITALAR
46702,Imdi - Instituto De Medicina Diagnostica De Itajuba Ltda,Kauan Ramos,HOSPITALAR
46700,Imedia- Instituto De Medicina Diagnostica De Alfenas Ltda,Kauan Ramos,HOSPITALAR
46701,Magnetto Imagenologia Medica Ltda,Richard Lucas,HOSPITALAR
51319,52.860.334 ADILSON ANTONIO DA SILVA,Geovanna Gomes,SAC
50614,MCROM ENGENHARIA E FACILITIES LTDA,Geovanna Gomes,SAC
20857,Doctus Equipamentos Medicos Ltda,Kauan Ramos,HOSPITALAR
33844,Fundacao De Apoio E Desenvolvimento Da Universidade Federal De Mato Grosso,Richard Lucas,HOSPITALAR
51325,Lna Pln Diagnosticos Medicos Ltda.,Richard Lucas,HOSPITALAR
20393,Maximiliana Assuncao Da Silva Me,Richard Lucas,HOSPITALAR
21788,Noeli Vieira Distribuidora De Soros,Richard Lucas,HOSPITALAR
51149,Odontovales Comercio E Servicos De Equipamentos Medicos E Odontologicos Ltda,Richard Lucas,HOSPITALAR
51292,Penny Comercio E Distribuidora De Produtos E Equipamentos Odontologicos Ltda,Richard Lucas,HOSPITALAR
50854,Pmi Brasil Importadora E Exportadora De Produtos Para Saude Ltda,Eduardo Marques,HOSPITALAR
45250,Rio De Janeiro Sec Municipal De Saude,Richard Lucas,HOSPITALAR
51198,Zlb Hospitalar Ltda,Richard Lucas,HOSPITALAR
50841,Pedro Carlos Montagnane Martini,Kauan Ramos,HOSPITALAR
51148,UNIMAR ROCHAS ORNAMENTAIS LTDA,Geovanna Gomes,SAC
51246,NORTONMED - MANUTENCAO EM EQUIPAMENTOS HOSPITALARES LTDA,Geovanna Gomes,SAC
46673,NIPPON LIFE COMERCIO DE PRODUTOS TERAPEUTICOS E HOSPITALAR LTDA,Geovanna Gomes,SAC
19002,ODONTO BITTI  ASSISTÊNCIA TÉCNICA LTDA,Geovanna Gomes,SAC
45991,IRMANDADE DA SANTA CASA CORACAO DE JESUS,Geovanna Gomes,SAC
33323,UENDOS SUL MANUTENCAO E ACESSORIOS MEDICOS LTDA,Richard Lucas,HOSPITALAR
33722,MARIANA CAVANHAO DE SOUZA 3293 MARIANA CAVANHAO DE SOUZA 3293,Geovanna Gomes,SAC
51237,Eletro For Industria De Folheados Ltda,Richard Lucas,HOSPITALAR
46077,Gacc - Grupo De Assistencia A Crianca Com Cancer,Guilherme Aquino,HOSPITALAR
914454,ASSOC. BEN. HOSPITAL BEATRIZ RAMOS,Geovanna Gomes,SAC
914498,CARAGUÁ PLÁSTICA E DERMATOLOGIA,Geovanna Gomes,SAC
46585,CLINICA ODONTOLOGICA EVA HOFFMAN LTDA,Geovanna Gomes,SAC
914013,JK ESTETICA AVANÇADA LTDA,Geovanna Gomes,SAC
19967,HOSPITAL SAO DOMINGOS LTDA,Geovanna Gomes,SAC
50912,INOVA SAUDE SAO PAULO SPE S.A,Geovanna Gomes,SAC
45282,JOSE OSMARIO SOUZA DOS SANTOS,Geovanna Gomes,SAC
51293,ANGELI & THOME LTDA,Geovanna Gomes,SAC
16410,CASA DO INALADOR LTDA,Geovanna Gomes,SAC
37015,NATAL HOSPITAL CENTER S.A.,Geovanna Gomes,SAC
51380,VIVER EQUIPAMENTOS MEDICOS LTDA,Geovanna Gomes,SAC
46062,Hospital Municipal Hugo Miranda,Kauã Rodrigues,HOSPITALAR
51248,INSTITUTO NACIONAL DE PESQUISA E GESTAO EM SAUDE - INSAUDE,Richard Lucas,HOSPITALAR
33533,SUELLEN FEITOSA SILVA,Geovanna Gomes,SAC
46109,RADIO REGIONAL FM LTDA,Geovanna Gomes,SAC
50362,Z M QUEIROZ SOLUCOES CLINICAS,Geovanna Gomes,SAC
33332,ASSOCIACAO PRO ENSINO EM SANTA CRUZ DO SUL,Geovanna Gomes,SAC
51165,Soave & Lima Odonto-Medico Ltda,Kauã Rodrigues,HOSPITALAR
24587,HOSPITAL ORTOPEDICO LTDA HOSPITAL ORTOPEDICO LTDA,Richard Lucas,HOSPITALAR
51407,A DA ROCHA GUEDES MELO LTDA,Geovanna Gomes,SAC
33416,JANDER EDUARDO FRAGALI,Geovanna Gomes,SAC
20034,Robson Da Silva Sales,Kauã Rodrigues,HOSPITALAR
21053,All Support Comercio E  Assistência Técnica Ltda-Me,Richard Lucas,HOSPITALAR
45294,CLINICA DENTBELLE ODONTOLOGIA LTDA,Geovanna Gomes,SAC
140073,COMPREHENSE DO BRASIL ENGENHARIA CLINICA LTDA,Geovanna Gomes,SAC
31855,UNIMED RESENDE RJ COOPERATIVA DE TRABALHO MEDICO,Geovanna Gomes,SAC
33695,JOSE BERNARDES BOLDINI - ME,Geovanna Gomes,SAC
51296,Wesley Dos Santos Rocha 02955208680,Richard Lucas,HOSPITALAR
18511,TECHOSP VENDA E ASSISTENCIA TECNICA DE EQUIPAMENTO,Geovanna Gomes,SAC
21616,BENEFICENCIA NIPO BRASILEIRA DE SAO PAULO,Geovanna Gomes,SAC
51044,ENGTEC MANUTENCAO DE EQUIPAMENTOS MEDICOS LTDA,Geovanna Gomes,SAC
25065,INNOVAMED MANUTENCAO DE EQUIPAMENTOS MEDICOS EIRELI,Geovanna Gomes,SAC
51422,EHC - ENGENHARIA CLINICA LTDA,Geovanna Gomes,SAC
18587,CALIBRAMED MANUTENCAO DE EQUIPAMENTOS BIOMEDICOS LTDA - ME,Geovanna Gomes,SAC
46143,TECNOMED BAURU SOLUCOES EM EQUIPAMENTOS PARA SAUDE LTDA,Geovanna Gomes,SAC
33666,E R DA SILVA COMERCIO E SERVICOS,Geovanna Gomes,SAC
46628,SCIENCETECH SISTEMAS TECNOLOGICOS LTDA,Geovanna Gomes,SAC
51260,JESUINO MOREIRA DA SILVA 44779933587,Geovanna Gomes,SAC
31575,ASSOCIACAO EVANGELICA BENEFICENTE ESPIRITO-SANTENSE - AEBES,Geovanna Gomes,SAC
51462,G.B PRODUTOS E SERVICOS HOSPITALAR LTDA,Geovanna Gomes,SAC
51353,HOSPSYSTEM COMERCIO E MANUTENCAO EM EQUIPAMENTOS MEDICOS LTDA,Geovanna Gomes,SAC
51137,MARCELO FIGUEIREDO SILVA 03799965378,Geovanna Gomes,SAC
51038,NOTRE DAME INTERMEDICA SAUDE S.A.,Geovanna Gomes,SAC
50581,THIAGO SANT ANNA DA SILVA 29477001805,Geovanna Gomes,SAC
51276,FABIO MIGUEL CAMARGO,Geovanna Gomes,SAC
16657,FUNDACAO OSWALDO RAMOS,Geovanna Gomes,SAC
33582, CENTRUMED EQUIPAMENTOS HOSPITALARES E MATERIAIS DESCARTÁVEIS LTDA,Kauan Ramos,HOSPITALAR
121,2D Xavier Medicamentos E Perfumaria Ltda,Guilherme Aquino,HOSPITALAR
51647,54.217.123 DANIEL DONISETE ROCHA DIAS,Kauan Ramos,HOSPITALAR
4231,A C I Comercio Ltda.,Guilherme Aquino,HOSPITALAR
1100,A R Rodriguez & Cia. Ltda.,Richard Lucas,HOSPITALAR
17,A. L. S. F. De A. Na Prov. De Deus,Kauã Rodrigues,HOSPITALAR
53,Access Comercio De Equipamento Hospitalar,Guilherme Aquino,HOSPITALAR
9,Acumuladores Moura S/A,Guilherme Aquino,HOSPITALAR
270054,Adive Equipamentos Hospitalar Ltda.Me.,Guilherme Aquino,HOSPITALAR
232,Aguamed Comercio De Equipamentos Hosp. E Odont. Ltda,Kauã Rodrigues,HOSPITALAR
50985,Airmed Medical Ltda,Kauan Ramos,HOSPITALAR
33547,Alexandre R Barbosa Da Silva,Guilherme Aquino,HOSPITALAR
60137,Alfa Comercio De Produtos Hospitalares Ltda,Richard Lucas,HOSPITALAR
271,Alicerce-Med Manutencao E Com. De Equip. Hosp. Ltda,Kauã Rodrigues,HOSPITALAR
25265,Aliles M Vieira - Comercio E Administracao De Servicos,Guilherme Aquino,HOSPITALAR
23954,ALLIANÇA EQUIPAMENTOS MÉDICOS LTDA,Kauã Rodrigues,HOSPITALAR
92,Alliance Maquinas,Guilherme Aquino,HOSPITALAR
33694,ALLPEMA SERVICOS E COMERCIO DE FERRAGENS E FERRAMENTAS LTDA,Kauã Rodrigues,HOSPITALAR
23673,ALMEIDA & WAROL LTDA - ME,Kauan Ramos,HOSPITALAR
18969,Almeri Angelo Salviano Da Silva - Me,Kauan Ramos,HOSPITALAR
2,Alternativa Comercial Cientifica Ltda-Me,Guilherme Aquino,HOSPITALAR
46675,Altprest Comercio E Representacoes De Produtos E Servicos Ltda,Kauan Ramos,HOSPITALAR
51668,AMF HOSPITALAR LTDA,Richard Lucas,HOSPITALAR
19508,Ana Maria Pires Belem,Eduardo Marques,HOSPITALAR
46639,Andheus Comercio De Equipamentos Ltda,Kauan Ramos,HOSPITALAR
20,Andreia De Jesus Poeiras - Me,Kauã Rodrigues,HOSPITALAR
2028,Anesterilav Comercio E Manutenção De Equipamento Hospitalar Ltda Epp,Kauan Ramos,HOSPITALAR
82,Anjos Materiais Cirurgicos E Hospit. Ltda,Kauã Rodrigues,HOSPITALAR
50954,Aparecida Med Hospitalar Ltda,Kauã Rodrigues,HOSPITALAR
91,Arison Adriano Do Nascimento Silva-Me,Kauã Rodrigues,HOSPITALAR
268,Arqgraph Servicos Ltda,Kauã Rodrigues,HOSPITALAR
194,Assistencia Tecnica Copati E Cardoso Ltda,Kauã Rodrigues,HOSPITALAR
192,Associacao Beneficente Hospital Universitario,Guilherme Aquino,HOSPITALAR
245,Associacao Beneficente N. Senhora Do Desterro,Kauã Rodrigues,HOSPITALAR
47150,Associacao Beneficente Sigs - Servico De Inovacao E Gestao Em Saude,Kauan Ramos,HOSPITALAR
13408,Associacao De Assist. A Crianca Deficiente.,Kauã Rodrigues,HOSPITALAR
74,Associacao De Protecao E Assist. A Mat. E A Inf. De Registro,Kauã Rodrigues,HOSPITALAR
234,Associacao Do Hospital Evangelico Do Rio De Janeiro,Guilherme Aquino,HOSPITALAR
279,Associacao Dos Fornecedores De Cana De Piracicaba,Kauã Rodrigues,HOSPITALAR
173,Associacao Goiana De Integr. E Reabilitacao,Guilherme Aquino,HOSPITALAR
141,Associacao Hospitalar Conego Domenico Ragoni,Guilherme Aquino,HOSPITALAR
22595,Associação Hospitalar Santa Casa De Lins,Kauan Ramos,HOSPITALAR
89,Associacao Obras Sociais Irma Dulce,Guilherme Aquino,HOSPITALAR
22525,Associação Santamarense De Beneficência Do Guarujá,Guilherme Aquino,HOSPITALAR
23242,Assuncao Tec Comercio De Equipamentos Ltda,Kauã Rodrigues,HOSPITALAR
208,Atr Equipamentos Medicos Ltda,Guilherme Aquino,HOSPITALAR
33843,Audioclinica Especiliadades Médicas De Alagoinhas Ltda,Kauan Ramos,HOSPITALAR
210,Bem Estar Produtos Para Industria E Lar,Eduardo Marques,HOSPITALAR
170191,"Bioanatome Comercio De Modelos Anatomicos, Produto",Kauã Rodrigues,HOSPITALAR
24170,Biocom Comercio E Representacao - Eireli,Kauan Ramos,HOSPITALAR
19424,Biolar Importacao E Exportacao Ltda,Guilherme Aquino,HOSPITALAR
15912,Biomedic Equipamentos Eletronicos Medico Hospitalares Ltda - Epp,Richard Lucas,HOSPITALAR
47615,Biomeditech H2A Servicos Em Saude Ltda,Kauan Ramos,HOSPITALAR
23273,BIOTEC CNV EQUIPAMENTOS MÉDICOS LTDA-ME,Guilherme Aquino,HOSPITALAR
149,Biotecnicarp Cirurgica Eireli,Kauã Rodrigues,HOSPITALAR
37,Borluci Material De Manutencao Industrial Ltda,Kauã Rodrigues,HOSPITALAR
31595,Br Cirurgica Equipamentos Hospitalres E Laboratoriais Eireli,Kauã Rodrigues,HOSPITALAR
84,Brasil Med Importacao E Exportacao Ltda,Kauã Rodrigues,HOSPITALAR
95,Braslabor Comercio E Representacoes,Guilherme Aquino,HOSPITALAR
33410,Brm Hospitalar,Kauan Ramos,HOSPITALAR
46,C&W Comercio Em Geral Ltda,Guilherme Aquino,HOSPITALAR
101,C. O De Souza,Kauã Rodrigues,HOSPITALAR
261,C.& M. - Diagnosticos Medicos Boituva Ltda,Guilherme Aquino,HOSPITALAR
180,Caixa Dos Pobres De Natividade,Guilherme Aquino,HOSPITALAR
50623,Campmed Solução Em Produtos Para Saude Ltda,Richard Lucas,HOSPITALAR
190347,Carvalhais & Viana Distribuidora De Prod. Hosp. E Odontologicos Ltda,Eduardo Marques,HOSPITALAR
150268,Carvalho E Cipriano Produtos Hospitalares Ltda,Kauã Rodrigues,HOSPITALAR
33909,Casa Da Ortopedia Hospitalar E Estetica Ltda,Richard Lucas,HOSPITALAR
31630,Catimed Distribuidora Eireli,Kauã Rodrigues,HOSPITALAR
213,Central De Empreendimentos Ltda,Kauã Rodrigues,HOSPITALAR
48618,Centro Da Saude Ltda,Kauan Ramos,HOSPITALAR
18668,Centro De Gastroenterologia Clinica E Cirurgica Lt,Kauan Ramos,HOSPITALAR
85,Centro De Ortopedia E Traumatologia S/S Ltda,Guilherme Aquino,HOSPITALAR
914122,Centro Medico Alphaview,Kauan Ramos,HOSPITALAR
61910,Centro Odontologico Especializado Matoba Ltda,Richard Lucas,HOSPITALAR
23484,Centro Oeste Comércio E Serviços Eireli,Kauan Ramos,HOSPITALAR
157,Centro Universitario Sao Camilo-Campus Ipiranga,Kauã Rodrigues,HOSPITALAR
156,Ceot Especialidades Medicas,Guilherme Aquino,HOSPITALAR
104,Cientifica Materias Para Laboratorio Ltda,Kauã Rodrigues,HOSPITALAR
209,Cirurgica Bom Preco Com. De Art. Hosp. Ltda,Guilherme Aquino,HOSPITALAR
24904,Cirurgica Equilibrio Ltda,Richard Lucas,HOSPITALAR
22629,Cirurgicas Ceron Equipamentos Hospitalares E Veterinarios Ltda Me,Guilherme Aquino,HOSPITALAR
45315,Clinica Botoesthetic,Kauan Ramos,HOSPITALAR
114,Clinica De Fraturas E Fisioterapia Bom Clima Ltda,Kauã Rodrigues,HOSPITALAR
236,Clinica De Fraturas Norte Pioneiro S/S Ltda,Guilherme Aquino,HOSPITALAR
146,Clinica De Fraturas Santa Felicidade,Kauã Rodrigues,HOSPITALAR
23264,Clinica De Ortopedia Maringaense Ltda,Richard Lucas,HOSPITALAR
914641,Clinica Medica Dr Eudes,Kauan Ramos,HOSPITALAR
63317,Clinica Sculpté Médica Ltda,Kauan Ramos,HOSPITALAR
21547,Cmc Produtos Hospitalares Ltda-Me,Guilherme Aquino,HOSPITALAR
12,Cme Central De Material E Esterilizacao Ltda,Guilherme Aquino,HOSPITALAR
48629,COFARMINAS COMERCIO DE PRODUTOS FARMACEUTICOS LTDA,Richard Lucas,HOSPITALAR
55,Comalta Comercio De Alimentos,Guilherme Aquino,HOSPITALAR
31625,Comercial Rocha Castro Ltda.,Richard Lucas,HOSPITALAR
31582,Comercial Txv Comercio E Servico - Eireli,Kauan Ramos,HOSPITALAR
207,Comercial Usual Eireli - Epp,Kauã Rodrigues,HOSPITALAR
204,Comercio Atacadista Ilha Bela Distribuidora Ltda,Guilherme Aquino,HOSPITALAR
65,Comfort Med Solucoes Em Saude Ltda,Guilherme Aquino,HOSPITALAR
215,Condominio Edificio Bella Torre Spe Ltda,Guilherme Aquino,HOSPITALAR
24266,Conect Medical Equipamentos Hospitalares Ltda,Richard Lucas,HOSPITALAR
16138,Consertec Hospitalar Ltda.,Guilherme Aquino,HOSPITALAR
272,Consorcio Intermunicipal De Saude Do Araguaia,Kauã Rodrigues,HOSPITALAR
915121,Costa Distribuidora Hospitalar Ltda,Kauan Ramos,HOSPITALAR
107,Cpv Acessorios Industriais Eireli,Kauã Rodrigues,HOSPITALAR
22345,Cto Imagem E Medicina,Kauã Rodrigues,HOSPITALAR
21973,D & G Produtos Para Saude Ltda,Kauã Rodrigues,HOSPITALAR
16525,D M A Maciel - Me,Guilherme Aquino,HOSPITALAR
22955,D M Imagem - Comercio De Produtos Hospitalares E Servicos De Equipamentosltda - Me,Kauan Ramos,HOSPITALAR
118,Daiane Cristina De Oliveira - Distrbuidora Me,Guilherme Aquino,HOSPITALAR
50309,Dayvison Farias De Carvalho 83570861287,Guilherme Aquino,HOSPITALAR
126,Debora Nascimento Silva Ferreira - Mei,Guilherme Aquino,HOSPITALAR
25462,Del Servicos Eletromecanicos Ltda,Guilherme Aquino,HOSPITALAR
20180,Dental Carrera Comércio E Representações Ltda Me,Guilherme Aquino,HOSPITALAR
19721,Dentalmed Comercio E Representacoes Ltda,Kauã Rodrigues,HOSPITALAR
2434,Dentaria E Distribuidora Hosp.Porto Alegrense Ltda,Kauan Ramos,HOSPITALAR
1145,Di Mori Comercio Assist Tecnica Medicinal Ltda Me,Kauã Rodrigues,HOSPITALAR
20018,Dimensao Distribuidora De Medicamentos Ltda,Guilherme Aquino,HOSPITALAR
8799,Diotec Comercio E Manutencao Hospitalar Ltda.,Guilherme Aquino,HOSPITALAR
30,Diprom - Distrib. De Prod. Odontologicos E Mat. Ltda,Kauã Rodrigues,HOSPITALAR
120,Distribuidora Jhf Ltda,Kauã Rodrigues,HOSPITALAR
22064,Distribuidora Plamax Eireli Epp,Kauã Rodrigues,HOSPITALAR
17578,Divimed Comercio De Produtos Hospitalares Ltda,Kauã Rodrigues,HOSPITALAR
111,"Dj Com, Varejista, Manut. E Reparo De Equip. Med. Hosp",Guilherme Aquino,HOSPITALAR
50370,Dms Servicos Hospitalares Ltda,Kauã Rodrigues,HOSPITALAR
50769,Doctors Institute Cursos E Equipamentos Ltda,Kauan Ramos,HOSPITALAR
139,Dr. Das Maquinas E Marmores Comercio E Servicos Ltda,Kauã Rodrigues,HOSPITALAR
131,Duran Medech Tecnologia Medica Ltda,Guilherme Aquino,HOSPITALAR
51585,Dw Manutencao De Equipamentos Medicos Ltda,Kauã Rodrigues,HOSPITALAR
240,E Bernardo De Souza Me,Kauã Rodrigues,HOSPITALAR
914164,Ebazar.Com.Br. Ltda,Kauan Ramos,HOSPITALAR
19957,Efetive Produtos Médico-Hospitalares Ltda,Kauã Rodrigues,HOSPITALAR
21068,Eficaz Med Comercio De Produtos Hospitalares Ltda - Me,Richard Lucas,HOSPITALAR
15985,Eletromaki Consertos E Com. De Maquinas Ltda-Me,Kauã Rodrigues,HOSPITALAR
47125,Eliel Marinho De Oliveira,Richard Lucas,HOSPITALAR
49070,Elo Solucoes Tecnologicas Para Saude Ltda,Kauan Ramos,HOSPITALAR
172,Empresa Cuiabana De Saude Publica - Ecsp,Guilherme Aquino,HOSPITALAR
15514,Engeclinic Servicos Ltda.,Guilherme Aquino,HOSPITALAR
22044,Equicenter Clinica Veterinária Da Castelo Ltda,Kauan Ramos,HOSPITALAR
51269,Equipsul Comercio E Assistencia Tecnica De Equipamentos A Saude Ltda,Kauan Ramos,HOSPITALAR
278,Eroni Correa Costa De Almeida,Kauã Rodrigues,HOSPITALAR
190,Excimer Tec. Com. E Assist. De Equip. Med. E Hosp.,Kauã Rodrigues,HOSPITALAR
219,F. DE OLIVEIRA MANUTENCAO DE EQUIPAMENTOS,Kauã Rodrigues,HOSPITALAR
31513,F. Marques De Sa Ltda,Kauan Ramos,HOSPITALAR
37020,Farias & Lopes Ltda Me,Kauan Ramos,HOSPITALAR
23523,Ferreira E Raffoul Serviços Médicos Ltda,Kauã Rodrigues,HOSPITALAR
61,Fgtech Manutencao De Equip. Ltda-Me,Guilherme Aquino,HOSPITALAR
105,Figueroa Gomes Comercial Ltda,Guilherme Aquino,HOSPITALAR
26,First Medical Service Ltda,Kauã Rodrigues,HOSPITALAR
206,Fisiodoctor Materiais Para Saude Eireli,Kauã Rodrigues,HOSPITALAR
216,Flavia Artigos Hospitalares E Laboratoriais Ltda,Kauã Rodrigues,HOSPITALAR
31552,Flexlab Distribuidora De Produtos Para Laboratorio Ltda,Guilherme Aquino,HOSPITALAR
273,Flexmundi Consultoria E Servicos Ltda,Kauã Rodrigues,HOSPITALAR
113,Francinete Guerreiro Costa,Guilherme Aquino,HOSPITALAR
46907,Fund De Apoio Ao Ensino Pesq E Assistencia Hcfmrpusp,Kauan Ramos,HOSPITALAR
5,Fundacao Assis Gurgacz,Guilherme Aquino,HOSPITALAR
16956,Fundacao De Desenvolvimento Agropecuario,Guilherme Aquino,HOSPITALAR
262,Fundacao De Saude Dilson De Quadros Godinho,Guilherme Aquino,HOSPITALAR
196,Fundacao De Saude Do Alto Vale Do Itajai,Guilherme Aquino,HOSPITALAR
155,Fundacao De Saude Do Minicipio De Americana,Kauã Rodrigues,HOSPITALAR
253,Fundacao Hospitalar Sao Vicente De Paulo,Guilherme Aquino,HOSPITALAR
151,Fundacao Jose Silveira,Kauã Rodrigues,HOSPITALAR
24223,Fundacao Manoel Da Silva Almeida,Richard Lucas,HOSPITALAR
24390,FUNDACAO PARA O DESENVOLVIMENTO MEDICO E HOSPITALAR,Kauan Ramos,HOSPITALAR
185,Fundacao Professor Martiniano Fernandes-Imip Hospitalar,Kauã Rodrigues,HOSPITALAR
154,Fundacao Universidade Do Oeste De Santa Catarina,Guilherme Aquino,HOSPITALAR
46947,Fundo Municipal De Saude - Fms,Kauan Ramos,HOSPITALAR
51667,Fundo Municipal De Saude De Betim,Kauan Ramos,HOSPITALAR
93,G F Madureira - Me,Guilherme Aquino,HOSPITALAR
47343,G L Prado Rep. E Dist. Comercio E Servicos Ltda,Guilherme Aquino,HOSPITALAR
919096,Gabriela Piccinin Aozani,Eduardo Marques,HOSPITALAR
27,Gaskam Comercio E Construcao Civil Eireli,Guilherme Aquino,HOSPITALAR
18,Gmis Comercial De Ferramentas Ltda,Guilherme Aquino,HOSPITALAR
128,Gms Goias Mercantil E Solucoes,Guilherme Aquino,HOSPITALAR
22320,Gnmed Comercio De Equipamentos Ltda - Epp,Eduardo Marques,HOSPITALAR
124,Gs Hospitalar Eireli,Kauã Rodrigues,HOSPITALAR
71,Gtam Servicos Medicos Ltda,Guilherme Aquino,HOSPITALAR
913924,H. M De L. Ferreira Eireli,Richard Lucas,HOSPITALAR
96,Harmonia Comercio De Mat. Para Casa E Const. Ltda,Kauã Rodrigues,HOSPITALAR
51516,Help Comercio E Servicos Hospitalares Ltda,Richard Lucas,HOSPITALAR
33799,Helter Comercio E Representacoes Ltda,Guilherme Aquino,HOSPITALAR
914627,Hospital Beneficente Nossa Senhora Aparecida,Kauan Ramos,HOSPITALAR
64,Hospital Beneficente Sao Lucas De Sao Pedro,Kauã Rodrigues,HOSPITALAR
164,Hospital Casa Arrendataria Serv. Med. Hosp. E Invest. Ltda,Kauã Rodrigues,HOSPITALAR
31729,Hospital Das Clínicas Da Região Dos Lagos,Richard Lucas,HOSPITALAR
26655,Hospital De Assistencia Domiciliar Ltda,Richard Lucas,HOSPITALAR
218,Hospital E Maternidade Amo A Vida Ltda,Kauã Rodrigues,HOSPITALAR
21976,Hospital Infantil Francisco De Assis,Kauã Rodrigues,HOSPITALAR
300217,Hospital Mater Dei S/A,Guilherme Aquino,HOSPITALAR
31949,Hospital Ortopédico Ltda,Kauan Ramos,HOSPITALAR
23048,HOSPITAL SANTA HELENA S/A,Kauan Ramos,HOSPITALAR
70,Hospital Santa Isabel,Kauã Rodrigues,HOSPITALAR
184,Hospital Unimed Teresina S/S Ltda,Kauã Rodrigues,HOSPITALAR
50,Hosplab Comercio De Artigos Medicos E Ortopedicos Ltda,Kauã Rodrigues,HOSPITALAR
31590,Hrx Produtos Hospitalares Eireli,Kauan Ramos,HOSPITALAR
10,Hugo Leonardo Figueiredo Bezerra,Kauã Rodrigues,HOSPITALAR
914628,Humaniza Empreendimentos Serviços E Assistencia Medica Ltda,Kauan Ramos,HOSPITALAR
51655,I. M.D. Equipamentos Medicos Ltda,Kauan Ramos,HOSPITALAR
33696,Ibituruna Comercio De Produtos Farmaceuticos Ltda,Richard Lucas,HOSPITALAR
235,Ibvet Cursos E Eventos Ltda,Guilherme Aquino,HOSPITALAR
87,Idf - Instituto Doutor Feitosa,Kauã Rodrigues,HOSPITALAR
248,Impacto Com. De Ferragens Manut. E Reparacao De Maq. Ltda,Guilherme Aquino,HOSPITALAR
51578,Imperio Medic Center Comercio De Produtos Farmaceuticos E Hospitalar Ltda,Kauan Ramos,HOSPITALAR
20181,Indusmache Industria E Comercio De Moveis Ltda - Me,Kauã Rodrigues,HOSPITALAR
127,Instituto De Cardiologia De Ourinhos Ltda,Kauã Rodrigues,HOSPITALAR
191,Instituto De Saude Bom Jesus,Guilherme Aquino,HOSPITALAR
270,Instituto Nacional De Des. Social E Humano - Indsh,Guilherme Aquino,HOSPITALAR
169,Instituto Nacional De Desenv. Social E Humano - Indsh,Kauã Rodrigues,HOSPITALAR
31618,Instituto Presbiteriano Mackenzie,Guilherme Aquino,HOSPITALAR
63,Iontech Servicos Hospitalares Ltda,Guilherme Aquino,HOSPITALAR
274,Iot Bh - Inst. De Ortop. E Traum. De Bh Ltda,Guilherme Aquino,HOSPITALAR
33552,Ipanema Brasil Atacado E Importacao Eireli,Eduardo Marques,HOSPITALAR
36,Ipo - Instituto De Cirurgia Plastica E Oftalmologia S/A,Guilherme Aquino,HOSPITALAR
90,Irmandade Da Santa Casa De Misericordia De Rio Claro,Guilherme Aquino,HOSPITALAR
22548,Irmandade Da Santa Casa De Misericordia De Sao Carlos,Kauan Ramos,HOSPITALAR
88,Irmandade Da Santa Casa De Misericorida De Sorocaba,Kauã Rodrigues,HOSPITALAR
31737,Isabella Fernanda Lopes Da Silva Fernandes,Richard Lucas,HOSPITALAR
266,J. C. Barbieri & Cia Ltda,Guilherme Aquino,HOSPITALAR
33470,J.H.E. Comercio E Servicos Medicos Hospitalares Ltda,Kauã Rodrigues,HOSPITALAR
281,Jc Industria De Paineis Eletricos E Instaladora Ltda,Guilherme Aquino,HOSPITALAR
60,Jms Distribuidora Hospitalar Eireli,Guilherme Aquino,HOSPITALAR
51,Jmx Distribuidora De Prod. Farm. E Hospitalares Ltda,Guilherme Aquino,HOSPITALAR
50736,Jorge Arthur Bessa Mello,Richard Lucas,HOSPITALAR
135,Jrb De Souza Comercio E Ser. De Equip. Med. Me,Kauã Rodrigues,HOSPITALAR
132,Jvs Comercio De Equip. Hosp. E Serv. Eireli,Kauã Rodrigues,HOSPITALAR
178,Kelli Lucieni De Andrade Lima,Guilherme Aquino,HOSPITALAR
16,Lab Line Produtos Para Laboratorios Ltda,Kauã Rodrigues,HOSPITALAR
31902,Laf Med Distribuidora De Medicamentos E Materiais Hospitalares Ltda,Guilherme Aquino,HOSPITALAR
31860,Laparomed Medica Cirurgica Eireli-Me,Kauã Rodrigues,HOSPITALAR
41863,Lar Espírita Maria De Nazaré,Kauan Ramos,HOSPITALAR
23040,Life Comercial Hospitalar Ltda Me,Guilherme Aquino,HOSPITALAR
226,Lima & Aguiar Comercio Atacadista Ltda Me,Kauã Rodrigues,HOSPITALAR
49953,Lm Medical Ltda,Guilherme Aquino,HOSPITALAR
43,Luana Taraczuk Michaliszyn,Guilherme Aquino,HOSPITALAR
52,Lucape Veiculos Especiais Ltda,Kauã Rodrigues,HOSPITALAR
31620,Luiz André Leite Neto,Kauan Ramos,HOSPITALAR
1566,M P J Equipamentos Medicos Ltda.,Kauã Rodrigues,HOSPITALAR
51605,M. S. Vieira E-Commerce,Kauã Rodrigues,HOSPITALAR
31826,M.H.M. Do Couto - Comercial,Kauã Rodrigues,HOSPITALAR
31852,Macmed Solucoes Em Saude Ltda.,Guilherme Aquino,HOSPITALAR
51413,Madson Diego De Moura,Richard Lucas,HOSPITALAR
188,Maicon Cremonesi Ghelere-Me,Kauã Rodrigues,HOSPITALAR
25,Mais Etica Comercial Eireli,Guilherme Aquino,HOSPITALAR
119,Maple Hospitalar Comercio E Servicos Eireli,Guilherme Aquino,HOSPITALAR
162,Marcela Faria Maciel Cordeiro,Guilherme Aquino,HOSPITALAR
24052,Marcelo A.M. Mingati  - Materiais Hospitalares Me,Kauan Ramos,HOSPITALAR
8190,Marcelo Brandao Medeiros Me,Kauan Ramos,HOSPITALAR
17350,Marcio Fernando De Queiroz 010.346.156-61 Me,Kauan Ramos,HOSPITALAR
161,MARCONDES SERVICOS DE ESCRITORIO ADM E NEG EMPRESARIAL,Kauã Rodrigues,HOSPITALAR
108,Marmed Produtos Hospitalares Ltda,Guilherme Aquino,HOSPITALAR
57,Marpi Produtos Para Saude Ltda - Epp,Guilherme Aquino,HOSPITALAR
69,Master Med Servicos Medicos E Administrativos Ltda,Guilherme Aquino,HOSPITALAR
109,Material Med Produtos Medicos Hospitalares Ltda,Guilherme Aquino,HOSPITALAR
33656,Mb Dental Comercio Eireli,Eduardo Marques,HOSPITALAR
22729,Med Center Comercial Ltda,Kauã Rodrigues,HOSPITALAR
16502,Med Mart Comercio De Equipamentos Medicos - Eireli - Me,Guilherme Aquino,HOSPITALAR
7839,Medcare Equipamentos Para Biomedicina Ltda,Kauan Ramos,HOSPITALAR
50925,Medclean Produtos Hospitalares Ltda,Kauan Ramos,HOSPITALAR
50372,Meddy Solucoes Integradas Em Saude Ltda,Kauan Ramos,HOSPITALAR
8163,Medflex Comercial Cirurgica Ltda.,Kauã Rodrigues,HOSPITALAR
50907,Medgroup Offshore Distribuidora De Medicamentos E Produtos Farmaceuticos Ltda,Richard Lucas,HOSPITALAR
16527,Medic Stock Comercio De Prod Med Hosp Ltda Ep,Guilherme Aquino,HOSPITALAR
24035,Medical Sil Comercio De Equipamentos Odonto Medico Hospitalar Ltda,Kauã Rodrigues,HOSPITALAR
48,Medicini Comercio Hospitalar Ltda-Me,Kauã Rodrigues,HOSPITALAR
42,Medicom Ltda,Guilherme Aquino,HOSPITALAR
80,Medlife Comercio E Servicos De Equipamentos Hospitalares,Guilherme Aquino,HOSPITALAR
103,Medmaia Comercio De Prod. Medicos Ltda Me,Kauã Rodrigues,HOSPITALAR
31,Megapharma Distribuidora De Medicamentos Ltda,Guilherme Aquino,HOSPITALAR
229,Metinox 2004 Comercial Eireli,Kauã Rodrigues,HOSPITALAR
130,Mg Custodio Pegada Ortopedica,Kauã Rodrigues,HOSPITALAR
116,Michele Alves E Silva09085983606,Guilherme Aquino,HOSPITALAR
23507,Missão Sal Da Terra  - Saúde Setor Sul,Guilherme Aquino,HOSPITALAR
41232,Mm Welness Serviços Em Saúde Ltda,Richard Lucas,HOSPITALAR
16483,Mogiglass Artigos Para Laboratorios Ltda.,Guilherme Aquino,HOSPITALAR
133,Monica Valeria Da Silva Freitas-Eq. Eireli Me,Guilherme Aquino,HOSPITALAR
50600,MUNICIPIO DE PIRACICABA,Kauan Ramos,HOSPITALAR
51099,Ng2 Medical Ltda,Richard Lucas,HOSPITALAR
143,Niellington Felix De Freitas Me,Kauã Rodrigues,HOSPITALAR
170390,Nossa Dental Produtos Odontológicos Ltda.,Eduardo Marques,HOSPITALAR
21861,NOT- NUCLEO DE ORTOPEDIA E TRAUMATOLOGIA LTDA,Guilherme Aquino,HOSPITALAR
165,Notre Dame Intermedica Ltda,Kauã Rodrigues,HOSPITALAR
137,Notredame Intermedica Saude S.A,Guilherme Aquino,HOSPITALAR
190446,Nsl Distribuidora De Material Medico Ltda Me,Guilherme Aquino,HOSPITALAR
23088,Objet Comercio De Equipamentos E Servicos Eireli - Me,Guilherme Aquino,HOSPITALAR
16097,ODONTOPAZ PRODUTOS ODONTOLOGICOS LTDA,Richard Lucas,HOSPITALAR
33697,Odontosul Ltda,Kauan Ramos,HOSPITALAR
31578,Onixmed Com E Serviço De Sistemas Hospitalares Ltda,Kauã Rodrigues,HOSPITALAR
33,Ortobig Comercio De Equipamentos Ortopedicos Ltda-Me,Kauã Rodrigues,HOSPITALAR
182,Ortop Instrumentos Cirurgicos Eireli Epp,Kauã Rodrigues,HOSPITALAR
142,Ortopress Ltda,Guilherme Aquino,HOSPITALAR
220,Otmo Servicos Medicos E De Saude Ltda,Kauã Rodrigues,HOSPITALAR
22949,Oximed Comércio De Gases E Equipamentos Ltda.,Richard Lucas,HOSPITALAR
19442,P P F De Araujo Me,Kauã Rodrigues,HOSPITALAR
2086,Padrao Distrib De Prod E Equip Hosp  Pe Callou Ltd,Richard Lucas,HOSPITALAR
4490,Parumed Ltda.,Guilherme Aquino,HOSPITALAR
230,Patricia De Lima Comercio De Ferramentas E Maquinas,Guilherme Aquino,HOSPITALAR
136,Pedro Nascimento De Paiva Fernandes,Kauã Rodrigues,HOSPITALAR
24947,Placido- Comercio De Materiais Cirurgicos E Hospitalar Eireli,Kauã Rodrigues,HOSPITALAR
46902,PLENA SAUDE S.A.,Kauan Ramos,HOSPITALAR
33531,PLG DISTRIBUIDORA DE PRODUTOS HOSPITALARES EIRELI                                                                                                                                                                                                         ,Guilherme Aquino,HOSPITALAR
102,Polux Comercial Ltda,Guilherme Aquino,HOSPITALAR
190037,Ponto Medico Instrumentos Para Medicina Ltda. Epp.,Guilherme Aquino,HOSPITALAR
212,Portal Lab Equipamentos E Prod. Para Laboratorios Ltda,Eduardo Marques,HOSPITALAR
138,Prefeitura Municipal De Ibate - Fundo Municipal De Saude,Kauã Rodrigues,HOSPITALAR
239,Prefeitura Municipal De Itacarambi - Mg,Guilherme Aquino,HOSPITALAR
32,Primeira Opcao Eireli,Guilherme Aquino,HOSPITALAR
41952,Prodige- Clinica Do Aparelho Digestivo Médicos Associados,Kauan Ramos,HOSPITALAR
152,Promedica Patrimonial S/A,Kauã Rodrigues,HOSPITALAR
22527,"Promedirp Materiais, Produtos E Servicos Ltda - Me",Guilherme Aquino,HOSPITALAR
51568,PRONTO SOCORRO DE FRATURAS DE SALTO LTDA,Kauã Rodrigues,HOSPITALAR
31748,Provider Produtos Hospitalares E Saneantes Ltda,Guilherme Aquino,HOSPITALAR
110,Pucmed Eireli,Kauã Rodrigues,HOSPITALAR
258,R. A. Dos Santos Distribuidora Me,Guilherme Aquino,HOSPITALAR
33827,R.A. Martins - Distribuidora - Eireli,Guilherme Aquino,HOSPITALAR
81,Rafaelly Monteiro Romanzini De Paulo,Kauã Rodrigues,HOSPITALAR
15,Ravache Comercial Medica E Hospitalar Ltda,Kauã Rodrigues,HOSPITALAR
263,Rcmed Distribuidora Ltda,Kauã Rodrigues,HOSPITALAR
31694,"Reabilitar Produtos Ortopedicos, Medicos E Hospitalares Ltda",Kauan Ramos,HOSPITALAR
79,Real Sociedade Portuguesa De Beneficencia,Kauã Rodrigues,HOSPITALAR
22664,REDE DOR SÃO LUIZ - UNIDADE IFOR,Richard Lucas,HOSPITALAR
10985,Respiromedical Com De Equips Hospit Ltda,Kauan Ramos,HOSPITALAR
1171,Revanil Comercio E Rep De Prod Cirurgicos Ltda,Guilherme Aquino,HOSPITALAR
251,Ribeiro Comercio E Assistencia Tecnica Ltda,Guilherme Aquino,HOSPITALAR
33731,Ricardo Jose Legrazie Junior,Guilherme Aquino,HOSPITALAR
275,Richlin Calibracao Eireli,Guilherme Aquino,HOSPITALAR
7804,Rio Med Equipamentos Biomedicos Ltda.,Kauã Rodrigues,HOSPITALAR
99,Rios Guimaraes Medicamentos Ltda,Kauã Rodrigues,HOSPITALAR
153,Ripecas Comercio De Pecas E Maquinas Ltda - Me,Guilherme Aquino,HOSPITALAR
17100,Rita De Andrade Vieira,Kauã Rodrigues,HOSPITALAR
20912,Rm Assistência Técnica Ltda-Me,Kauan Ramos,HOSPITALAR
51115,Robert Cattete Dornelas,Guilherme Aquino,HOSPITALAR
33390,Rosemeire Da Costa 19521703890,Kauan Ramos,HOSPITALAR
24,SALUTE SERVICOS DE SAUDE,Kauã Rodrigues,HOSPITALAR
48126,Salutte Odontologia Ltda,Kauan Ramos,HOSPITALAR
202,Samatex - Solucoes Em Ferramentas Ltda,Guilherme Aquino,HOSPITALAR
21,Santa Casa De Misericordia De Barra Mansa,Guilherme Aquino,HOSPITALAR
16452,SAO PAULO SECRETARIA DA SAUDE,Kauan Ramos,HOSPITALAR
25365,Sat Medica Comercio De Equipamentos Hospitalares Ltda,Guilherme Aquino,HOSPITALAR
23098,Serpro Hospitalar Comercio E Representacoes Ltda - Me,Kauã Rodrigues,HOSPITALAR
276,Serve Comercio Distribuidora E Assist. Tec. Ltda Me,Guilherme Aquino,HOSPITALAR
19636,Serveletric Assistencia Tecnica E Comercio De Aparelhos Eletromedicos Ltda- Me,Guilherme Aquino,HOSPITALAR
14,Seth Comercio E Representacao Hospitalar Ltda,Kauã Rodrigues,HOSPITALAR
51607,Silitec Produtos Hospitalares Ltda,Richard Lucas,HOSPITALAR
23710,Sis Comercio De Materiais E Equipamentos Ltda,Eduardo Marques,HOSPITALAR
51575,SITENSUL SERVICOS DE ENGENHARIA LTDA,Kauã Rodrigues,HOSPITALAR
31945,SMARTMED REPRESENTACAO E COMER SMARTMED REPRESENTACAO E COMER,Kauã Rodrigues,HOSPITALAR
77,Sociedade Beneficencia E Caridade De Lajeado,Guilherme Aquino,HOSPITALAR
19089,Sociedade Educacional Uberabense,Guilherme Aquino,HOSPITALAR
21848,Solmedi Comercio De Material Medico E Hospitalar Ltda - Me,Kauã Rodrigues,HOSPITALAR
197,Solucao Inovadora De Tecnologia Ltda,Guilherme Aquino,HOSPITALAR
256,Sp Mega Tec Solucoes Eireli-Me,Guilherme Aquino,HOSPITALAR
24528,SPDM - ASSOCIACAO PAULISTA PARA O DESENVOLVIMENTO DA MEDICINA,Geovanna Gomes,SAC
47,Spectrum Medc Comercio E Servicos Ltda Me,Kauã Rodrigues,HOSPITALAR
50900,Sr Produtos Medicos Ltda,Kauã Rodrigues,HOSPITALAR
158,Star Tech Engenharia E Solucoes Ltda,Kauã Rodrigues,HOSPITALAR
19598,Stra Comercio De Produtos Para Saude Ltda - Me,Kauã Rodrigues,HOSPITALAR
7,T10 Fast Empreendimentos E Veiculos,Eduardo Marques,HOSPITALAR
33915,Tatuape - Produtos Medicos E Hospitalares Ltda,Richard Lucas,HOSPITALAR
16471,Tavamed Rio Preto Com E Rep De Artigos Med. Ltda,Guilherme Aquino,HOSPITALAR
145,Tecnomed Servicos Tecnicos De Equipamentos Biomedicos Ltda,Guilherme Aquino,HOSPITALAR
14024,Tecnomédica Com. E Assistência Técnica Hosp. Ltda,Kauan Ramos,HOSPITALAR
211,Tesla Inovacao Comercio E Servicos Eireli,Guilherme Aquino,HOSPITALAR
76,Thaiana Nascimento Rocha Me,Kauã Rodrigues,HOSPITALAR
45320,Torredeflot Odontologia Me,Kauan Ramos,HOSPITALAR
33705,True Medical Servicos E Comercio De Produtos Para Saude Eireli,Kauan Ramos,HOSPITALAR
10107,Ultramed Tecnologia E Servicos Ltda.,Kauã Rodrigues,HOSPITALAR
22,Unimac Material Cirurgico E Hospitalar Ltda,Guilherme Aquino,HOSPITALAR
78,Unimed Cataguases Coop. De Trab. Medico Ltda,Guilherme Aquino,HOSPITALAR
16920,Unimed De Araraquara Cooperativa De Trabalho Medic,Kauã Rodrigues,HOSPITALAR
35,Unimed Regional Maringa - Cooperativa De Trabalho,Kauã Rodrigues,HOSPITALAR
246,Unimed Regional Maringa Cooperativa De Trabalho,Guilherme Aquino,HOSPITALAR
46923,Unimed Uberaba Cooperativa De Trabalho Medico Ltda,Kauan Ramos,HOSPITALAR
37062,Universidade Do Estado Do Rio De Janeiro,Kauã Rodrigues,HOSPITALAR
24657,Universidade Estadual De Campinas,Kauã Rodrigues,HOSPITALAR
41,Unv Vix Hospitalar E Ortopedicos Ltda,Guilherme Aquino,HOSPITALAR
26680,Up Distribuidora - Comercio Atacadista De Equipamentos Para Uso Odonto-Medico-Hospitalar Ltda,Richard Lucas,HOSPITALAR
25256,V.L. Fuzeti - Comercial,Kauã Rodrigues,HOSPITALAR
237,Valdenir Kunkel Beckemann,Kauã Rodrigues,HOSPITALAR
150,Vale Med Manut. E Serv. Tec. E Hospitalares Ltda,Guilherme Aquino,HOSPITALAR
3,Valid Solucoes S.A,Kauã Rodrigues,HOSPITALAR
19795,Versatille Comercio Material Eletronico Ltda,Kauã Rodrigues,HOSPITALAR
29,Via Nacional Distribuidora Ltda,Kauã Rodrigues,HOSPITALAR
231,Vida E Saude Produtos Medicos Eireli,Kauã Rodrigues,HOSPITALAR
48654,Vimasi - Distribuidora De Produtos Medicos Hospitalares Ltda,Richard Lucas,HOSPITALAR
3891,VIRATEC COM. E ASSIST.TEC.DE AP. MEDICOS LTDA.(SAN,Kauan Ramos,HOSPITALAR
49709,Visao Litoral Ltda,Richard Lucas,HOSPITALAR
23961,Vitalmedica Distribuidora De Moveis E Equipamentos Hospitalares Ltda,Guilherme Aquino,HOSPITALAR
228,Vitatec Comercio De Produtos Hosp. Ltda,Kauã Rodrigues,HOSPITALAR
25171,Vitoria Apart Hospital S/A,Guilherme Aquino,HOSPITALAR
147,Viva Clinica Medica E Odontologica Ltda,Guilherme Aquino,HOSPITALAR
16655,Vivamed Equipamentos Medico-Hospitalares Ltda - Me,Eduardo Marques,HOSPITALAR
205,Vivo Licitacoes Eireli,Eduardo Marques,HOSPITALAR
100,Vrm Import Ltda,Guilherme Aquino,HOSPITALAR
40,Wesley Rego Badaro,Kauã Rodrigues,HOSPITALAR
31838,WESLEY RODRIGUES DE OLIVEIRA,Kauã Rodrigues,HOSPITALAR
23,Xpr3 Solucoes Ltda,Kauã Rodrigues,HOSPITALAR
42891,BUONO e BUONO LTDA ME,Cauã Ribeiro,FARMACIAS
45288,REDE 2000 ASSOC FARMACEUTICA LTDA,Cauã Ribeiro,FARMACIAS
35968,FARMACIA TRES LTDA ME,Cauã Ribeiro,FARMACIAS
42040,FORTEFARMA ADMINISTRADORA E PARTICIPACOES LTDA,Cauã Ribeiro,FARMACIAS
42289,PLENA FARMA DE FRIBURGO LTDA,Cauã Ribeiro,FARMACIAS
